District,Member,Party,Born[6],Prior experience,Education,Assumed office,Residence
Barry Moore,,Republican,"(1966-09-26)September 26, 1966(age 58)",Alabama House of Representatives,Enterprise State Community College(AS)Auburn University(BS),"January 3, 2021",Enterprise
Shomari Figures,,Democratic,"(1985-09-03)September 3, 1985(age 39)",Deputy Chief of Staff to theU.S. Attorney GeneralU.S. Senate stafferWhite House liaison to the Department of JusticeDomestic Director of the Presidential Personnel OfficePolitical organizerLaw clerk,"University of Alabama(BA,JD)","January 3, 2025",Mobile
Mike Rogers,,Republican,"(1958-07-16)July 16, 1958(age 67)",Calhoun CountyCommissionerAlabama House of Representatives,"Jacksonville State University(BA,MPA)Birmingham School of Law(JD)","January 3, 2003",Weaver
Robert Aderholt,,Republican,"(1965-07-22)July 22, 1965(age 60)",HaleyvilleMunicipal Judge,University of North AlabamaBirmingham–Southern College(BA)Samford University(JD),"January 3, 1997",Haleyville
Dale Strong,,Republican,"(1970-05-08)May 8, 1970(age 55)",Madison CountyCommission Chairman,Athens State University(BA),"January 3, 2023",Huntsville
Gary Palmer,,Republican,"(1954-05-14)May 14, 1954(age 71)",Policy analyst,University of Alabama(BS),"January 3, 2015",Hoover
Terri Sewell,,Democratic,"(1965-01-01)January 1, 1965(age 60)",Attorney,"Princeton University(BA)St Hilda's College, Oxford(MA)Harvard University(JD)","January 3, 2011",Birmingham
Nick Begich III,,Republican,"(1977-10-27)October 27, 1977(age 47)",BusinessmanAlaska Policy ForumBoard of DirectorsAlaska Republican PartyFinance Committee co-chair,Baylor University(BBA)Indiana University Bloomington(MBA),"January 3, 2025",Chugiak
David Schweikert,,Republican,"(1962-03-03)March 3, 1962(age 63)",Arizona House of RepresentativesArizona Board of EducationArizona Board of EqualizationMaricopa CountyTreasurer,"Arizona State University, Tempe(BS,MBA)","January 3, 2011",Fountain Hills[7]
Eli Crane,,Republican,"(1980-01-03)January 3, 1980(age 45)",U.S. NavyBusinessman,Arizona Western CollegeUniversity of Arizona,"January 3, 2023",Oro Valley
Yassamin Ansari,,Democratic,"(1992-04-07)April 7, 1992(age 33)",Vice Mayor of Phoenix,"Stanford University(BA)St. John's College, Cambridge(BA)","January 3, 2025",Phoenix
Greg Stanton,,Democratic,"(1970-03-08)March 8, 1970(age 55)",Mayor of PhoenixMember of thePhoenix City Council,Marquette University(BA)University of Michigan(JD),"January 3, 2019",Phoenix
Andy Biggs,,Republican,"(1958-11-07)November 7, 1958(age 66)",President of theArizona SenateArizona House of Representatives,"Brigham Young University(BA)University of Arizona(JD)Arizona State University, Phoenix(MA)","January 3, 2017",Gilbert
Juan Ciscomani,,Republican,"(1982-08-30)August 30, 1982(age 42)",University of Arizonasenior program development specialistTucson Hispanic Chamber of Commerce Vice President of OutreachSenior Advisor for Regional and International Affairs toArizona GovernorDoug Ducey,Pima Community CollegeUniversity of Arizona,"January 3, 2023",Tucson
Vacant,,,,,,,
Abraham Hamadeh,,Republican,"(1991-05-15)May 15, 1991(age 34)",U.S. Army ReserveMaricopa CountyProsecutor,Arizona State University(BA)University of Arizona(JD),"January 3, 2025",Phoenix
Paul Gosar,,Republican,"(1958-11-27)November 27, 1958(age 66)",President of the Northern Arizona Dental Society,"Creighton University(BS,DDS)","January 3, 2011",Bullhead City
Rick Crawford,,Republican,"(1966-01-22)January 22, 1966(age 59)",BroadcasterBusinessman,Arkansas State University(BS),"January 3, 2011",Jonesboro
French Hill,,Republican,"(1956-12-05)December 5, 1956(age 68)",Businessman,Vanderbilt University(BS),"January 3, 2015",Little Rock
Steve Womack,,Republican,"(1957-02-18)February 18, 1957(age 68)",Mayor ofRogers,Arkansas Tech University(BA),"January 3, 2011",Rogers
Bruce Westerman,,Republican,"(1967-11-18)November 18, 1967(age 57)",Majority Leader of theArkansas House of Representatives,University of Arkansas(BS)Yale University(MS),"January 3, 2015",Hot Springs
Doug LaMalfa,,Republican,"(1960-07-02)July 2, 1960(age 65)",California State SenateCalifornia State Assembly,Butte CollegeCalifornia Polytechnic State University(BS),"January 3, 2013",Oroville[8]
Jared Huffman,,Democratic,"(1964-02-18)February 18, 1964(age 61)",California State Assembly,"University of California, Santa Barbara(BA)Boston College(JD)","January 3, 2013",San Rafael
Kevin Kiley,,Republican,"(1985-01-30)January 30, 1985(age 40)",California State AssemblyEducator,Harvard University(BA)Yale University(JD)Loyola Marymount University(MA),"January 3, 2023",Roseville
Mike Thompson,,Democratic,"(1951-01-24)January 24, 1951(age 74)",California State Senate,"Napa Valley CollegeCalifornia State University, Chico(BA,MPA)","January 3, 1999",St. Helena
Tom McClintock,,Republican,"(1956-07-10)July 10, 1956(age 69)",California SenateCalifornia State Assembly,"University of California, Los Angeles(BA)","January 3, 2009",Elk Grove
Ami Bera,,Democratic,"(1965-03-02)March 2, 1965(age 60)",Chief Medical OfficerofSacramento County,"University of California, Irvine(BS,MD)","January 3, 2013",Elk Grove
Doris Matsui,,Democratic,"(1944-09-25)September 25, 1944(age 80)",SacramentoCity Council,"University of California, Berkeley(BA)","March 10, 2005(special)",Sacramento
John Garamendi,,Democratic,"(1945-01-24)January 24, 1945(age 80)",United States Deputy Secretary of the InteriorLieutenant Governor of CaliforniaCalifornia Insurance CommissionerCalifornia State SenateCalifornia State Assembly,"University of California, Berkeley(BA)Harvard University(MBA)","November 5, 2009(special)",Walnut Grove
Josh Harder,,Democratic,"(1986-08-01)August 1, 1986(age 39)",Venture capitalistProfessor,"Stanford University(BA)Harvard University(MBA,MPP)","January 3, 2019",Tracy
Mark DeSaulnier,,Democratic,"(1952-03-31)March 31, 1952(age 73)",California State SenateCalifornia State AssemblyContra Costa County Board of Supervisors,College of the Holy Cross(BA),"January 3, 2015",Concord
Nancy Pelosi,,Democratic,"(1940-03-26)March 26, 1940(age 85)",California Democratic PartyChair,Trinity Washington University(BA),"June 2, 1987(special)",San Francisco
Lateefah Simon,,Democratic,"(1977-01-29)January 29, 1977(age 48)",San Francisco BART Board of Directors,Mills College(BA)University of San Francisco(MPA),"January 3, 2025",Emeryville
Adam Gray,,Democratic,"(1977-09-23)September 23, 1977(age 47)",California State Assembly,"Merced CollegeUniversity of California, Santa Barbara(BA)","January 3, 2025",Merced
Eric Swalwell,,Democratic,"(1980-11-16)November 16, 1980(age 44)",DublinCity Council,"Campbell UniversityUniversity of Maryland, College Park(BA)University of Maryland, Baltimore(JD)","January 3, 2013",Livermore
Kevin Mullin,,Democratic,"(1970-06-15)June 15, 1970(age 55)",Speaker pro temporeof theCalifornia State AssemblySouth San FranciscoCity Council,University of San Francisco(BA)San Francisco State University(MPA),"January 3, 2023",South San Francisco
Sam Liccardo,,Democratic,"(1970-04-16)April 16, 1970(age 55)",Mayor of San JoseSan Jose City Council,"Georgetown University(BA)Harvard University(MPP,JD)","January 3, 2025",San Jose
Ro Khanna,,Democratic,"(1976-09-13)September 13, 1976(age 48)",AttorneyAuthorEducator,University of Chicago(BA)Yale University(JD),"January 3, 2017",Fremont
Zoe Lofgren,,Democratic,"(1947-12-21)December 21, 1947(age 77)",Santa Clara CountyBoard of Supervisors,Stanford University(BA)Santa Clara University(JD),"January 3, 1995",San Jose
Jimmy Panetta,,Democratic,"(1969-10-01)October 1, 1969(age 55)",Deputy district attorney ofMonterey County,"Monterey Peninsula CollegeUniversity of California, Davis(BA)Santa Clara University(JD)","January 3, 2017",Carmel Valley
Vince Fong,,Republican,"(1979-10-24)October 24, 1979(age 45)",California State AssemblyCongressional aide,"University of California, Los Angeles(BA)Princeton University(MPA)","June 3, 2024(special)",Bakersfield
Jim Costa,,Democratic,"(1952-04-13)April 13, 1952(age 73)",California State SenateCalifornia State Assembly,"California State University, Fresno(BA)","January 3, 2005",Fresno
David Valadao,,Republican,"(1977-04-14)April 14, 1977(age 48)",U.S. HouseCalifornia State Assembly,College of the Sequoias,"January 3, 2021",Hanford
Jay Obernolte,,Republican,"(1970-08-18)August 18, 1970(age 55)",California State AssemblyMayor of Big Bear LakeBig Bear Lake City Councilman,"California Institute of Technology(BS)University of California, Los Angeles(MS)","January 3, 2021",Big Bear Lake
Salud Carbajal,,Democratic,"(1964-11-18)November 18, 1964(age 60)",Santa Barbara CountyBoard of Supervisors,"University of California, Santa Barbara(BA)Fielding Graduate University(MA)","January 3, 2017",Santa Barbara
Raul Ruiz,,Democratic,"(1972-08-25)August 25, 1972(age 53)",Emergency physician,"University of California, Los Angeles(BS)Harvard University(MD,MPP,MPH)","January 3, 2013",Indio
Julia Brownley,,Democratic,"(1952-08-28)August 28, 1952(age 73)",California State Assembly,George Washington University(BA)American University(MBA),"January 3, 2013",Westlake Village[9]
George Whitesides,,Democratic,"(1974-03-03)March 3, 1974(age 51)",NASAChief of Staff,"Princeton University(BA)King's College, Cambridge(MPhil)","January 3, 2025",Agua Dulce
Judy Chu,,Democratic,"(1953-07-07)July 7, 1953(age 72)",Mayor ofMonterey ParkMonterey Park City CouncilCalifornia State AssemblyCalifornia State Board of Equalization,"University of California, Los Angeles(BA)Alliant International University(MA,PhD)","July 14, 2009(special)",Monterey Park
Luz Rivas,,Democratic,"(1974-02-06)February 6, 1974(age 51)",California Assembly,Massachusetts Institute of Technology(BS)Harvard University(MEd),"January 3, 2025",Los Angeles
Laura Friedman,,Democratic,"(1966-12-03)December 3, 1966(age 58)",California AssemblyMayor ofGlendale,University of Rochester(BA),"January 3, 2025",Glendale
Gil Cisneros,,Democratic,"(1971-02-12)February 12, 1971(age 54)",Under Secretary of Defense for Personnel and ReadinessU.S. HouseU.S. Navy,George Washington University(BA)Regis University(MBA)Brown University(MA),"January 3, 2025",Covina
Brad Sherman,,Democratic,"(1954-10-24)October 24, 1954(age 70)",California Board of Equalization,"University of California, Los Angeles(BA)Harvard University(JD)","January 3, 1997",Los Angeles
Pete Aguilar,,Democratic,"(1979-06-19)June 19, 1979(age 46)",Mayor ofRedlands,University of Redlands(BS),"January 3, 2015",Redlands
Jimmy Gomez,,Democratic,"(1974-11-25)November 25, 1974(age 50)",California State Assembly,"University of California, Los Angeles(BA)Harvard University(MPP)","July 11, 2017(special)",Los Angeles
Norma Torres,,Democratic,"(1965-04-04)April 4, 1965(age 60)",California State SenateCalifornia State AssemblyMayor ofPomona,National Labor College(BA),"January 3, 2015",Pomona
Ted Lieu,,Democratic,"(1969-03-29)March 29, 1969(age 56)",California State SenateCalifornia State Assembly,"Stanford University(BA,BS)Georgetown University(JD)","January 3, 2015",Torrance
Sydney Kamlager-Dove,,Democratic,"(1972-07-20)July 20, 1972(age 53)",California State SenateCalifornia State AssemblyLos Angeles Community College DistrictBoard of Trustees,Compton CollegeUniversity of Southern California(BA)Carnegie Mellon University(MA),"January 3, 2023",Los Angeles[10]
Linda Sánchez,,Democratic,"(1969-01-28)January 28, 1969(age 56)",Attorney,"University of California, Berkeley(BA)University of California, Los Angeles(JD)","January 3, 2003",Whittier[11]
Mark Takano,,Democratic,"(1960-12-10)December 10, 1960(age 64)",Teacher,"Harvard University(BA)University of California, Riverside(MFA)","January 3, 2013",Riverside
Young Kim,,Republican,"(1962-10-18)October 18, 1962(age 62)",California State Assembly,University of Southern California(BBA),"January 3, 2021",Anaheim Hills
Ken Calvert,,Republican,"(1953-06-08)June 8, 1953(age 72)",Real estate executive,Chaffey CollegeSan Diego State University(BA),"January 3, 1993",Corona
Robert Garcia,,Democratic,"(1977-12-02)December 2, 1977(age 47)",Mayor ofLong BeachLong Beach City Council,"California State University, Long Beach(BA,EdD)University of Southern California(MA)","January 3, 2023",Long Beach
Maxine Waters,,Democratic,"(1938-08-15)August 15, 1938(age 87)",California State Assembly,"California State University, Los Angeles(BA)","January 3, 1991",Los Angeles[12]
Nanette Barragán,,Democratic,"(1976-09-15)September 15, 1976(age 48)",Hermosa BeachCity Council,"University of California, Los Angeles(BA)University of Southern California(JD)","January 3, 2017",Los Angeles
Derek Tran,,Democratic,"(1980-12-22)December 22, 1980(age 44)",LawyerConsultantPolicy analystU.S. Army,Bentley University(BS)Glendale University College of Law(JD),"January 3, 2025",Orange
Lou Correa,,Democratic,"(1958-01-24)January 24, 1958(age 67)",California State SenateOrange County Board of SupervisorsCalifornia State Assembly,"California State University, Fullerton(BA)University of California, Los Angeles(JD,MBA)","January 3, 2017",Santa Ana
Dave Min,,Democratic,"(1976-03-05)March 5, 1976(age 49)",California State SenateStaff Attorney at theU.S. Securities and Exchange Commission,University of Pennsylvania(BA)Harvard University(JD),"January 3, 2025",Irvine
Darrell Issa,,Republican,"(1953-11-01)November 1, 1953(age 71)",U.S. HouseCEO ofDirected Electronics,Siena Heights University(BA),"January 3, 2021",San Diego[13]
Mike Levin,,Democratic,"(1978-10-20)October 20, 1978(age 46)",Environmental activist,Stanford University(BA)Duke University(JD),"January 3, 2019",San Juan Capistrano
Scott Peters,,Democratic,"(1958-06-17)June 17, 1958(age 67)",San Diego City CouncilSan Diego Port Commission,Duke University(BA)New York University(JD),"January 3, 2013",San Diego[14]
Sara Jacobs,,Democratic,"(1989-02-01)February 1, 1989(age 36)",Nonprofit founderPolicy advisor,"Columbia University(BA,MIA)","January 3, 2021",San Diego
Juan Vargas,,Democratic,"(1961-03-07)March 7, 1961(age 64)",California State SenateCalifornia State AssemblySan Diego City Council,University of San Diego(BA)Fordham University(MA)Harvard University(JD),"January 3, 2013",San Diego[15]
Diana DeGette,,Democratic,"(1957-07-29)July 29, 1957(age 68)",Colorado House of Representatives,Colorado College(BA)New York University(JD),"January 3, 1997",Denver
Joe Neguse,,Democratic,"(1984-05-13)May 13, 1984(age 41)",Executive Director of theColorado Department of Regulatory AgenciesRegents of the University of Colorado,"University of Colorado, Boulder(BA,JD)","January 3, 2019",Lafayette[16]
Jeff Hurd,,Republican,"(1979-08-15)August 15, 1979(age 46)",AttorneyLaw clerk,University of Notre Dame(BA)University of Denver(JD)Columbia University(LL.M),"January 3, 2025",Grand Junction
Lauren Boebert,,Republican,"(1986-12-15)December 15, 1986(age 38)",BusinesswomanRestaurateur,–,"January 3, 2021",Windsor
Jeff Crank,,Republican,"(1967-01-28)January 28, 1967(age 58)",Radio hostNonprofit executiveBusinessmanPolitical consultantCongressional staffer,Colorado State University(BA),"January 3, 2025",Colorado Springs
Jason Crow,,Democratic,"(1979-03-15)March 15, 1979(age 46)",AttorneyU.S. Army,"University of Wisconsin, Madison(BA)University of Denver(JD)","January 3, 2019",Aurora
Brittany Pettersen,,Democratic,"(1981-12-06)December 6, 1981(age 43)",Colorado SenateColorado House of Representatives,Metropolitan State University of Denver(BA),"January 3, 2023",Lakewood
Gabe Evans,,Republican,"(1986-07-28)July 28, 1986(age 39)",Colorado HouseArvadaPolice DepartmentU.S. Army National Guard,Patrick Henry College(BA),"January 3, 2025",Fort Lupton
John B. Larson,,Democratic,"(1948-07-22)July 22, 1948(age 77)",Connecticut SenateEast HartfordCity CouncilEast Hartford Board of Education,Central Connecticut State University(BA),"January 3, 1999",East Hartford
Joe Courtney,,Democratic,"(1953-04-06)April 6, 1953(age 72)",Connecticut House of Representatives,Tufts University(BA)University of Connecticut(JD),"January 3, 2007",Vernon
Rosa DeLauro,,Democratic,"(1943-03-02)March 2, 1943(age 82)",Executive Director ofEMILY's ListPolitical aide,"Marymount College, Tarrytown(BA)London School of Economics(MA)Columbia University(MA)","January 3, 1991",New Haven
Jim Himes,,Democratic,"(1966-07-05)July 5, 1966(age 59)",Financial executiveGreenwichHousing Authority Board,"Harvard University(BA)St Edmund Hall, Oxford(MPhil)","January 3, 2009",Cos Cob
Jahana Hayes,,Democratic,"(1973-03-08)March 8, 1973(age 52)",Teacher,Naugatuck Valley Community CollegeSouthern Connecticut State University(BA)University of Saint Joseph(MA)University of Bridgeport(SYC),"January 3, 2019",Wolcott
Sarah McBride,,Democratic,"(1990-08-09)August 9, 1990(age 35)",Delaware Senate,American University(BA),"January 3, 2025",Wilmington
Jimmy Patronis,,Republican,"(1972-04-13)April 13, 1972(age 53)",Chief Financial Officer of FloridaMember of theFlorida Public Service CommissionFlorida House of Representatives,Gulf Coast State College(AS)Florida State University(BS),"April 2, 2025(special)",Fort Walton Beach[17]
Neal Dunn,,Republican,"(1953-02-16)February 16, 1953(age 72)",Surgeon,Washington and Lee University(BS)George Washington University(MD),"January 3, 2017",Panama City
Kat Cammack,,Republican,"(1988-02-16)February 16, 1988(age 37)",Political advisor,Metropolitan State University of Denver(BA)Naval War College(MS),"January 3, 2021",Gainesville
Aaron Bean,,Republican,"(1967-01-25)January 25, 1967(age 58)",President Pro Tempore of theFlorida SenateFlorida House of Representatives,Jacksonville University(BS),"January 3, 2023",Fernandina Beach
John Rutherford,,Republican,"(1952-09-02)September 2, 1952(age 72)",Sheriff ofDuval County,Florida State CollegeFlorida State University(BS),"January 3, 2017",Jacksonville
Randy Fine,,Republican,"(1974-04-20)April 20, 1974(age 51)",Florida SenateFlorida House of Representatives,"Harvard University(BA,MBA)","April 2, 2025(special)",Melbourne Beach
Cory Mills,,Republican,"(1980-07-13)July 13, 1980(age 45)",Defense Business BoardBusinessmanSecurity specialistU.S. Army,"Florida State College at Jacksonville(AA)American Military University(BS,MA)","January 3, 2023",New Smyrna Beach
Mike Haridopolos,,Republican,"(1970-03-15)March 15, 1970(age 55)",President of the Florida SenateFlorida House,Stetson University(BA)University of Arkansas(MA),"January 3, 2025",Indian Harbour Beach
Darren Soto,,Democratic,"(1978-02-25)February 25, 1978(age 47)",Florida SenateFlorida House of Representatives,Rutgers University–New Brunswick(BA)George Washington University(JD),"January 3, 2017",Kissimmee[18]
Maxwell Frost,,Democratic,"(1997-01-17)January 17, 1997(age 28)",ActivistPolitical organizer,Valencia College,"January 3, 2023",Orlando
Daniel Webster,,Republican,"(1949-04-27)April 27, 1949(age 76)",Florida SenateSpeakerofFlorida House of Representatives,Georgia Institute of Technology(BS),"January 3, 2011",Clermont[19]
Gus Bilirakis,,Republican,"(1963-02-08)February 8, 1963(age 62)",Florida House of Representatives,St. Petersburg CollegeUniversity of Florida(BA)Stetson University(JD),"January 3, 2007",Palm Harbor
Anna Paulina Luna,,Republican,"(1989-05-06)May 6, 1989(age 36)",Air National GuardU.S. Air ForcePolitical Commentator,University of West Florida(BS),"January 3, 2023",St. Petersburg
Kathy Castor,,Democratic,"(1966-08-20)August 20, 1966(age 59)",Assistant General Counsel to the Florida Department of Community AffairsPresident of the Florida Association of Women LawyersHillsborough CountyBoard of Commissioners,Emory University(BA)Florida State University(JD),"January 3, 2007",Tampa
Laurel Lee,,Republican,"(1974-03-26)March 26, 1974(age 51)",Secretary of State of FloridaJudge of the Thirteenth Judicial Circuit Court of Florida,"University of Florida(BA,JD)","January 3, 2023",Tampa
Vern Buchanan,,Republican,"(1951-05-08)May 8, 1951(age 74)",Auto dealer,Cleary University(BA)University of Detroit Mercy(MBA),"January 3, 2007",Sarasota[20]
Greg Steube,,Republican,"(1978-05-19)May 19, 1978(age 47)",Florida SenateFlorida House of RepresentativesU.S. Army,"University of Florida(BS,JD)","January 3, 2019",Sarasota
Scott Franklin,,Republican,"(1964-08-23)August 23, 1964(age 61)",LakelandCity CommissionU.S. Navy,United States Naval Academy(BA)Embry–Riddle Aeronautical University(MBA),"January 3, 2021",Lakeland
Byron Donalds,,Republican,"(1978-10-26)October 26, 1978(age 46)",Florida House of Representatives,Florida State University(BS),"January 3, 2021",Naples
Sheila Cherfilus-McCormick,,Democratic,"(1979-01-25)January 25, 1979(age 46)",CEO of Trinity Health,Howard University(BA)St. Thomas University(JD),"January 18, 2022(special)",Miramar
Brian Mast,,Republican,"(1980-07-10)July 10, 1980(age 45)",U.S. Army,Palm Beach Atlantic UniversityAmerican Military UniversityHarvard University(BLA),"January 3, 2017",Fort Pierce
Lois Frankel,,Democratic,"(1948-05-16)May 16, 1948(age 77)",Mayor ofWest Palm BeachFlorida House of Representatives,Boston University(BA)Georgetown University(JD),"January 3, 2013",West Palm Beach
Jared Moskowitz,,Democratic,"(1980-12-18)December 18, 1980(age 44)",Florida House of RepresentativesBroward County CommissionDirector of theFlorida Division of Emergency Management,George Washington University(BA)Nova Southeastern University(JD),"January 3, 2023",Parkland
Frederica Wilson,,Democratic,"(1942-11-05)November 5, 1942(age 82)",Florida SenateFlorida House of RepresentativesMiami-Dade County Public Schools Board,Fisk University(BA)University of Miami(MA),"January 3, 2011",Miami Gardens
Debbie Wasserman Schultz,,Democratic,"(1966-09-27)September 27, 1966(age 58)",Florida SenateFlorida House of RepresentativesDemocratic National CommitteeChair,"University of Florida(BA,MA)","January 3, 2005",Weston
Mario Díaz-Balart,,Republican,"(1961-09-25)September 25, 1961(age 63)",Florida SenateFlorida House of Representatives,University of South Florida(BA),"January 3, 2003",Miami
María Elvira Salazar,,Republican,"(1961-11-01)November 1, 1961(age 63)",News anchorJournalist,Miami Dade CollegeUniversity of Miami(BA)Harvard University(MPA),"January 3, 2021",Miami
Carlos Giménez,,Republican,"(1954-01-17)January 17, 1954(age 71)",Mayor of Miami-Dade CountyMiami-Dade County Commission,Barry University(BPA),"January 3, 2021",Miami
Buddy Carter,,Republican,"(1957-09-06)September 6, 1957(age 67)",Georgia SenateGeorgia House of RepresentativesMayor ofPooler,Young Harris CollegeUniversity of Georgia(BS),"January 3, 2015",St. Simons
Sanford Bishop,,Democratic,"(1947-02-04)February 4, 1947(age 78)",Georgia SenateGeorgia House of Representatives,Morehouse College(BA)Emory University(JD),"January 3, 1993",Albany
Brian Jack,,Republican,"(1988-02-17)February 17, 1988(age 37)",Assistant to the President and Director of Political AffairsPresident-Elect's Transition Team memberCampaign aidePolitical analyst,Pepperdine University(BA),"January 3, 2025",Peachtree City
Hank Johnson,,Democratic,"(1954-10-02)October 2, 1954(age 70)",DeKalb CountyCommissionerAssociate Magistrate Judge,Clark Atlanta University(BA)Texas Southern University(JD),"January 3, 2007",Lithonia
Nikema Williams,,Democratic,"(1978-07-30)July 30, 1978(age 47)",Georgia SenateChair of theGeorgia Democratic Party,Talladega College(BA),"January 3, 2021",Atlanta
Lucy McBath,,Democratic,"(1960-06-01)June 1, 1960(age 65)",Activist,Virginia State University(BA),"January 3, 2019",Marietta
Rich McCormick,,Republican,"(1968-10-07)October 7, 1968(age 56)",U.S. Marine CorpsEmergency physician,Oregon State University(BS)Morehouse School of Medicine(MD)National University(MBA),"January 3, 2023",Suwanee
Austin Scott,,Republican,"(1969-12-10)December 10, 1969(age 55)",Georgia House of Representatives,University of Georgia(BA),"January 3, 2011",Tifton
Andrew Clyde,,Republican,"(1963-11-22)November 22, 1963(age 61)",U.S. NavyBusinessmanGun Store Owner,University of Notre Dame(BA)Bethel University(BBA)University of Georgia(MBA),"January 3, 2021",Athens
Mike Collins,,Republican,"(1967-07-02)July 2, 1967(age 58)",BusinessmanTrucker,Georgia State University(BA),"January 3, 2023",Jackson
Barry Loudermilk,,Republican,"(1963-12-22)December 22, 1963(age 61)",Georgia State SenateGeorgia House of Representatives,Air UniversityWayland Baptist University(BS),"January 3, 2015",Cassville
Rick Allen,,Republican,"(1951-11-07)November 7, 1951(age 73)",Businessman,Auburn University(BS),"January 3, 2015",Augusta
David Scott,,Democratic,"(1945-06-27)June 27, 1945(age 80)",Georgia State SenateGeorgia House of Representatives,Florida A&M University(BA)University of Pennsylvania(MBA),"January 3, 2003",Atlanta
Marjorie Taylor Greene,,Republican,"(1974-05-27)May 27, 1974(age 51)",BusinesswomanActivist,University of Georgia(BBA),"January 3, 2021",Rome[21]
Ed Case,,Democratic,"(1952-09-27)September 27, 1952(age 72)",U.S. HouseHawaii House of Representatives,"Williams College(BA)University of California, Hastings(JD)","January 3, 2019",Kāneʻohe
Jill Tokuda,,Democratic,"(1976-03-03)March 3, 1976(age 49)",Hawaii Senate,University of Hawaiʻi at Mānoa(BA),"January 3, 2023",Kāneʻohe
Russ Fulcher,,Republican,"(1962-03-09)March 9, 1962(age 63)",Idaho Senate,"Boise State University(BA,MBA)","January 3, 2019",Meridian
Mike Simpson,,Republican,"(1950-09-08)September 8, 1950(age 74)",Speaker of theIdaho House of RepresentativesBlackfootCity Council,Utah State University(BS)Washington University in St. Louis(DMD),"January 3, 1999",Idaho Falls
Jonathan Jackson,,Democratic,"(1966-01-07)January 7, 1966(age 59)",Investment Analyst,North Carolina A&T State University(BA)Northwestern University(MBA),"January 3, 2023",Chicago
Robin Kelly,,Democratic,"(1956-04-30)April 30, 1956(age 69)",Illinois House of RepresentativesChief of Staff to theIllinois TreasurerChief Administrative Officer to theCook County President,"Bradley University(BA,MA)Northern Illinois University(PhD)","April 11, 2013(special)",Matteson
Delia Ramirez,,Democratic,"(1983-06-02)June 2, 1983(age 42)",Illinois House of Representatives,Northeastern Illinois University(BA),"January 3, 2023",Chicago
Chuy García,,Democratic,"(1956-04-12)April 12, 1956(age 69)",Cook County Board of CommissionersIllinois SenateChicago City Council,"University of Illinois Chicago(BA,MUP)","January 3, 2019",Chicago
Mike Quigley,,Democratic,"(1958-10-17)October 17, 1958(age 66)",Cook County Board of Commissioners,Roosevelt University(BA)University of Chicago(MPP)Loyola University Chicago(JD),"April 7, 2009(special)",Chicago
Sean Casten,,Democratic,"(1971-11-23)November 23, 1971(age 53)",Entrepreneur,"Middlebury College(BA)Dartmouth College(MSEM,MS)","January 3, 2019",Downers Grove
Danny Davis,,Democratic,"(1941-09-06)September 6, 1941(age 83)",Chicago City CouncilCook County Board of Commissioners,University of Arkansas at Pine Bluff(BA)Chicago State University(MS)Union Institute & University(PhD),"January 3, 1997",Chicago
Raja Krishnamoorthi,,Democratic,"(1973-07-19)July 19, 1973(age 52)",Public servantAttorney,Princeton University(BS)Harvard University(JD),"January 3, 2017",Schaumburg
Jan Schakowsky,,Democratic,"(1944-05-26)May 26, 1944(age 81)",Illinois House of Representatives,University of Illinois Urbana-Champaign(BS),"January 3, 1999",Evanston
Brad Schneider,,Democratic,"(1961-08-20)August 20, 1961(age 64)",U.S. House,"Northwestern University(BS,MBA)","January 3, 2017",Highland Park
Bill Foster,,Democratic,"(1955-10-07)October 7, 1955(age 69)",U.S. House,"University of Wisconsin–Madison(BS)Harvard University(MS,PhD)","January 3, 2013",Naperville
Mike Bost,,Republican,"(1960-12-30)December 30, 1960(age 64)",Illinois House of Representatives,–,"January 3, 2015",Murphysboro
Nikki Budzinski,,Democratic,"(1977-03-11)March 11, 1977(age 48)",Chief of Staff to the Director of theOffice of Management and BudgetSenior Adviser for the Exploratory Committee toJ. B. Pritzker,"University of Illinois, Urbana-Champaign(BA)","January 3, 2023",Springfield
Lauren Underwood,,Democratic,"(1986-10-04)October 4, 1986(age 38)",Registered nurse,"University of Michigan(BSN)Johns Hopkins University(MSN,MPH)","January 3, 2019",Naperville
Mary Miller,,Republican,"(1959-08-27)August 27, 1959(age 66)",Farmer,"Eastern Illinois University(BA,BS)","January 3, 2021",Oakland
Darin LaHood,,Republican,"(1968-07-05)July 5, 1968(age 57)",Illinois SenateProsecutorU.S. Attorney's OfficeDeputy ProsecutorTazewell County,"Loras College(BA)John Marshall Law School, Chicago(JD)","September 17, 2015(special)",Peoria[22]
Eric Sorensen,,Democratic,"(1976-03-18)March 18, 1976(age 49)",Meteorologist,Northern Illinois University(BS),"January 3, 2023",Moline
Frank J. Mrvan,,Democratic,"(1969-04-16)April 16, 1969(age 56)",North TownshipTrustee,Ball State University(BS),"January 3, 2021",Highland[23]
Rudy Yakym,,Republican,"(1984-02-24)February 24, 1984(age 41)",Indiana Judicial Nominating CommissionBusinessman,"Indiana University South Bend(AS,BS)University of Notre Dame(MBA)","November 14, 2022(special)",Granger
Marlin Stutzman,,Republican,"(1976-08-31)August 31, 1976(age 48)",U.S. HouseIndiana SenateIndiana House,Glen Oaks Community CollegeTrine University,"January 3, 2025",Howe
Jim Baird,,Republican,"(1945-06-04)June 4, 1945(age 80)",Indiana House of RepresentativesPutnam CountyCommissionU.S. Army,"Purdue University, West Lafayette(BS,MS)University of Kentucky(PhD)","January 3, 2019",Greencastle
Victoria Spartz,,Republican,"(1978-10-06)October 6, 1978(age 46)",Indiana Senate,"Kyiv National Economic University(BS,MBA)Indiana University, Indianapolis(MAcc)","January 3, 2021",Noblesville
Jefferson Shreve,,Republican,"(1965-09-24)September 24, 1965(age 59)",Indianapolis City-County Council,Indiana University Bloomington(BA)University of London(MA)Purdue University(MBA),"January 3, 2025",Indianapolis
André Carson,,Democratic,"(1974-10-16)October 16, 1974(age 50)",Indianapolis City-County Council,Concordia University Wisconsin(BA)Indiana Wesleyan University(MS),"March 11, 2008(special)",Indianapolis[24]
Mark Messmer,,Republican,"(1967-12-16)December 16, 1967(age 57)",Majority Leader of theIndiana SenateIndiana House,Purdue University(BS),"January 3, 2025",Jasper
Erin Houchin,,Republican,"(1976-09-24)September 24, 1976(age 48)",Indiana State Senate,"Indiana University, Bloomington(BS)George Washington University(MA)","January 3, 2023",Salem
Mariannette Miller-Meeks,,Republican,"(1955-09-06)September 6, 1955(age 69)",Iowa SenateDirector of theIowa Department of Public HealthU.S. Army,"Texas Christian University(BS)University of Southern California(MS)University of Texas, San Antonio(MD)","January 3, 2021",Davenport[25]
Ashley Hinson,,Republican,"(1983-06-27)June 27, 1983(age 42)",Iowa House of RepresentativesNews anchor,University of Southern California(BA),"January 3, 2021",Marion
Zach Nunn,,Republican,"(1979-05-04)May 4, 1979(age 46)",Iowa SenateIowa House of RepresentativesU.S. Air Force,Drake University(BA)Air University(MMAS)University of Cambridge(MSt),"January 3, 2023",Bondurant
Randy Feenstra,,Republican,"(1969-01-14)January 14, 1969(age 56)",Iowa SenateSioux CountyTreasurer,Dordt University(BA)Iowa State University(MPA),"January 3, 2021",Hull
Tracey Mann,,Republican,"(1976-12-17)December 17, 1976(age 48)",Lieutenant Governor of KansasReal estate agentBusinessman,Kansas State University(BS),"January 3, 2021",Salina
Derek Schmidt,,Republican,"(1968-01-23)January 23, 1968(age 57)",Attorney General of KansasMajority Leader of theKansas SenateSpecial Counsel to theGovernor of KansasAssistant Attorney General of Kansas,University of Kansas(BA)University of Leicester(MA)Georgetown University(JD),"January 3, 2025",Independence
Sharice Davids,,Democratic,"(1980-05-22)May 22, 1980(age 45)",AttorneyMixed martial artist,Haskell Indian Nations UniversityUniversity of KansasJohnson County Community CollegeUniversity of Missouri–Kansas City(BA)Cornell University(JD),"January 3, 2019",Roeland Park[26]
Ron Estes,,Republican,"(1956-07-19)July 19, 1956(age 69)",Kansas State TreasurerTreasurer of Sedgwick County,"Tennessee Technological University(BS,MBA)","April 25, 2017(special)",Wichita
James Comer,,Republican,"(1972-08-19)August 19, 1972(age 53)",Kentucky House of RepresentativesAgriculture Commissioner of Kentucky,Western Kentucky University(BS),"November 8, 2016(special)",Tompkinsville
Brett Guthrie,,Republican,"(1964-02-18)February 18, 1964(age 61)",Kentucky Senate,United States Military Academy(BS)Yale University(MBA),"January 3, 2009",Bowling Green
Morgan McGarvey,,Democratic,"(1979-12-23)December 23, 1979(age 45)",Minority Leader of theKentucky SenateSpecial Assistant to theAttorney General of Kentucky,University of Missouri(BA)University of Kentucky(JD),"January 3, 2023",Louisville
Thomas Massie,,Republican,"(1971-01-13)January 13, 1971(age 54)",Judge-ExecutiveofLewis County,"Massachusetts Institute of Technology(BS,MS)","November 13, 2012(special)",Garrison
Hal Rogers,,Republican,"(1937-12-31)December 31, 1937(age 87)",Commonwealth's AttorneyforPulaski CountyandRockcastle County,Western Kentucky University(BA)University of Kentucky(LLB),"January 3, 1981",Somerset[27]
Andy Barr,,Republican,"(1973-07-24)July 24, 1973(age 52)",Attorney,University of Virginia(BA)University of Kentucky(JD),"January 3, 2013",Lexington
Steve Scalise,,Republican,"(1965-10-06)October 6, 1965(age 59)",Louisiana State SenateLouisiana House of Representatives,Louisiana State University(BS),"May 3, 2008(special)",Jefferson
Troy Carter,,Democratic,"(1963-10-26)October 26, 1963(age 61)",Louisiana State SenateLouisiana House of RepresentativesNew Orleans City Council,Xavier University of Louisiana(BA),"May 11, 2021(special)",New Orleans
Clay Higgins,,Republican,"(1961-08-24)August 24, 1961(age 64)",Reserve Deputy Marshal ofLafayette,Louisiana State University,"January 3, 2017",Lafayette[28]
Mike Johnson,,Republican,"(1972-01-30)January 30, 1972(age 53)",Louisiana House of Representatives,"Louisiana State University(BA,JD)","January 3, 2017",Benton
Julia Letlow,,Republican,"(1981-03-16)March 16, 1981(age 44)",College administrator,"University of Louisiana at Monroe(BA,MA)University of South Florida(PhD)","April 14, 2021(special)",Start
Cleo Fields,,Democratic,"(1962-11-22)November 22, 1962(age 62)",U.S. HouseLouisiana Senate,"Southern University(BA,JD)","January 3, 2025",Baton Rouge
Chellie Pingree,,Democratic,"(1955-04-02)April 2, 1955(age 70)","Maine State SenatePresident,Common Cause",University of Southern MaineCollege of the Atlantic(BS),"January 3, 2009",North Haven
Jared Golden,,Democratic,"(1982-07-25)July 25, 1982(age 43)",Maine House of Representatives,"University of Maine, FarmingtonBates College(BA)","January 3, 2019",Lewiston
Andy Harris,,Republican,"(1957-01-25)January 25, 1957(age 68)",Maryland SenateAnesthesiologist,"Johns Hopkins University(BS,MD,MHS)","January 3, 2011",Cambridge
Johnny Olszewski,,Democratic,"(1982-09-10)September 10, 1982(age 42)",Baltimore County ExecutiveMaryland House of DelegatesBaltimore County Board of Education,"Goucher College(BA)George Washington University(MA)University of Maryland, Baltimore County(PhD)","January 3, 2025",Sparrows Point
Sarah Elfreth,,Democratic,"(1988-09-09)September 9, 1988(age 36)",Maryland Senate,Towson University(BA)Johns Hopkins University(MPP),"January 3, 2025",Annapolis
Glenn Ivey,,Democratic,"(1961-02-27)February 27, 1961(age 64)",State's Attorney ofPrince George's CountyChair of theMaryland Public Service CommissionMajority Council to theU.S. Senate Banking CommitteeAssistant U.S. Attorney,Princeton University(BA)Harvard University(JD),"January 3, 2023",Cheverly
Steny Hoyer,,Democratic,"(1939-06-14)June 14, 1939(age 86)",President of theMaryland SenateMaryland Board of Higher Education,"University of Maryland, College Park(BA)Georgetown University(JD)","May 19, 1981(special)",Mechanicsville
April McClain Delaney,,Democratic,"(1964-05-28)May 28, 1964(age 61)",Deputy Assistant Secretary of Commerce for Communications and InformationNonprofit executiveBusinesswomanAttorney,Northwestern University(BS)Georgetown University(JD),"January 3, 2025",Potomac
Kweisi Mfume,,Democratic,"(1948-10-24)October 24, 1948(age 76)",Baltimore City CouncilU.S. HousePresident of theNAACP,Baltimore City Community CollegeMorgan State University(BA)Johns Hopkins University(MA),"May 5, 2020(special)",Baltimore
Jamie Raskin,,Democratic,"(1962-12-13)December 13, 1962(age 62)",Maryland SenateMajority Whip,"Harvard University(BA,JD)","January 3, 2017",Takoma Park
Richard Neal,,Democratic,"(1949-02-14)February 14, 1949(age 76)",Mayor ofSpringfield,Holyoke Community CollegeAmerican International College(BA)University of Hartford(MA),"January 3, 1989",Springfield
Jim McGovern,,Democratic,"(1959-11-20)November 20, 1959(age 65)",Congressional staff member,"American University(BA,MPA)","January 3, 1997",Worcester
Lori Trahan,,Democratic,"(1973-10-27)October 27, 1973(age 51)",BusinesswomanChief of Staff to Rep.Marty Meehan,Georgetown University(BA),"January 3, 2019",Westford
Jake Auchincloss,,Democratic,"(1988-01-29)January 29, 1988(age 37)",NewtonCity Council,Harvard University(BA)Massachusetts Institute of Technology(MBA),"January 3, 2021",Newton[29]
Katherine Clark,,Democratic,"(1963-07-17)July 17, 1963(age 62)",Massachusetts SenateMassachusetts House of RepresentativesAttorney,St. Lawrence University(BA)Cornell University(JD)Harvard University(MPA),"December 12, 2013(special)",Revere
Seth Moulton,,Democratic,"(1978-10-24)October 24, 1978(age 46)",BusinessmanActivistU.S. Marine Corps,"Harvard University(BS,MBA,MPP)","January 3, 2015",Salem
Ayanna Pressley,,Democratic,"(1974-02-03)February 3, 1974(age 51)",Boston City Council,Boston University,"January 3, 2019",Boston[30]
Stephen F. Lynch,,Democratic,"(1955-03-31)March 31, 1955(age 70)",Massachusetts SenateMassachusetts House of Representatives,Wentworth Institute of Technology(BS)Boston College(JD)Harvard University(MPA),"October 16, 2001(special)",Boston
Bill Keating,,Democratic,"(1952-09-06)September 6, 1952(age 72)",Massachusetts House of RepresentativesMassachusetts SenateNorfolk CountyDistrict Attorney,"Boston College(BA,MBA)Suffolk University(JD)","January 3, 2011",Bourne
Jack Bergman,,Republican,"(1947-02-02)February 2, 1947(age 78)",U.S. Marine Corps,Gustavus Adolphus College(BA)University of West Florida(MBA),"January 3, 2017",Watersmeet
John Moolenaar,,Republican,"(1961-05-08)May 8, 1961(age 64)",Michigan SenateMichigan House of Representatives,Hope College(BS)Harvard University(MPA),"January 3, 2015",Caledonia
Hillary Scholten,,Democratic,"(1982-02-22)February 22, 1982(age 43)",Board of Immigration AppealsJudicial Law Clerk/Attorney AdviserU.S. Court of AppealsImmigration Staff Attorney,"Gordon College(BA)University of Maryland, Baltimore(JD)","January 3, 2023",Grand Rapids
Bill Huizenga,,Republican,"(1969-01-31)January 31, 1969(age 56)",Michigan House of Representatives,Calvin College(BA),"January 3, 2011",Holland[31]
Tim Walberg,,Republican,"(1951-04-12)April 12, 1951(age 74)",U.S. HouseMichigan House of Representatives,"Western Illinois UniversityMoody Bible InstituteTaylor University(BA)Wheaton College, Illinois(MA)","January 3, 2011",Tipton
Debbie Dingell,,Democratic,"(1953-11-23)November 23, 1953(age 71)",President of theGeneral MotorsFoundationWayne State UniversityBoard of GovernorsLobbyist,"Georgetown University(BS,MS)","January 3, 2015",Ann Arbor
Tom Barrett,,Republican,"(1981-04-30)April 30, 1981(age 44)",Michigan SenateMichigan HouseU.S. Army,Western Michigan University(BA),"January 3, 2025",Charlotte
Kristen McDonald Rivet,,Democratic,"(1970-07-11)July 11, 1970(age 55)",Michigan Senate,Michigan State University(BA)University of Michigan–Flint(MA),"January 3, 2025",Bay City
Lisa McClain,,Republican,"(1966-04-07)April 7, 1966(age 59)",Businesswoman,Lansing Community CollegeNorthwood University(BA),"January 3, 2021",Bruce Township
John James,,Republican,"(1981-06-08)June 8, 1981(age 44)",U.S. ArmyBusinessman,United States Military Academy(BS)University of Michigan(MBA)Pennsylvania State University(MS),"January 3, 2023",Shelby Charter Township
Haley Stevens,,Democratic,"(1983-06-24)June 24, 1983(age 42)",Presidential Task Force on the Auto Industry,"American University(BA,MA)","January 3, 2019",Birmingham
Rashida Tlaib,,Democratic,"(1976-07-24)July 24, 1976(age 49)",Michigan House of Representatives,Wayne State University(BA)Thomas M. Cooley Law School(JD),"January 3, 2019",Detroit
Shri Thanedar,,Democratic,"(1955-02-22)February 22, 1955(age 70)",Michigan House of Representatives,"University of Mumbai(BS,MS)University of Akron(PhD)","January 3, 2023",Detroit
Brad Finstad,,Republican,"(1976-05-30)May 30, 1976(age 49)",Director ofUSDA Rural DevelopmentforMinnesotaMinnesota House of Representatives,University of Minnesota(BS),"August 12, 2022(special)",New Ulm
Angie Craig,,Democratic,"(1972-02-14)February 14, 1972(age 53)",Medical technology executiveReporter,University of Memphis(BA),"January 3, 2019",Prior Lake
Kelly Morrison,,Democratic,"(1969-02-02)February 2, 1969(age 56)",Minnesota SenateMinnesota House,Yale University(BA)Boston UniversityCase Western Reserve University(MD),"January 3, 2025",Deephaven
Betty McCollum,,Democratic,"(1954-07-12)July 12, 1954(age 71)",North St. PaulCity CouncilMinnesota House of Representatives,St. Catherine University(BA),"January 3, 2001",Saint Paul
Ilhan Omar,,Democratic,"(1982-10-04)October 4, 1982(age 42)",Minnesota House of Representatives,North Dakota State University(BA),"January 3, 2019",Minneapolis
Tom Emmer,,Republican,"(1961-03-03)March 3, 1961(age 64)",Minnesota House of Representatives,Boston CollegeUniversity of Alaska Fairbanks(BA)William Mitchell College of Law(JD),"January 3, 2015",Delano
Michelle Fischbach,,Republican,"(1965-11-03)November 3, 1965(age 59)",Lieutenant Governor of MinnesotaPresident of the Minnesota SenateMinnesota Senate,St. Cloud State University(BA)William Mitchell College of Law(JD),"January 3, 2021",Regal[32]
Pete Stauber,,Republican,"(1966-05-10)May 10, 1966(age 59)",St. Louis CountyCommissionPolice lieutenantProfessional hockey player,Lake Superior State University(BA),"January 3, 2019",Hermantown
Trent Kelly,,Republican,"(1966-03-01)March 1, 1966(age 59)","District attorney,TupeloCity prosecutorArmy National GuardColonel","East Central Community CollegeUniversity of Mississippi(BA,JD)United States Army War College(MA)","June 2, 2015(special)",Saltillo
Bennie Thompson,,Democratic,"(1948-01-28)January 28, 1948(age 77)",Alderman and Mayor ofBoltonHinds CountyBoard of Supervisors,Tougaloo College(BA)Jackson State University(MS),"April 13, 1993(special)",Bolton
Michael Guest,,Republican,"(1970-02-04)February 4, 1970(age 55)",District Attorney forMadisonandRankinCounties,Mississippi State University(BS)University of Mississippi(JD),"January 3, 2019",Brandon
Mike Ezell,,Republican,"(1959-04-06)April 6, 1959(age 66)",Sheriff ofJackson County,University of Southern Mississippi(BA),"January 3, 2023",Pascagoula
Wesley Bell,,Democratic,"(1974-11-05)November 5, 1974(age 50)",St. Louis CountyProsecuting AttorneyFergusonCity Council,Lindenwood University(BA)University of Missouri(JD),"January 3, 2025",Clayton
Ann Wagner,,Republican,"(1962-09-13)September 13, 1962(age 62)",U.S. Ambassador to LuxembourgCo-Chair of theRepublican National CommitteeChairwoman of theMissouri Republican Party,University of Missouri(BS),"January 3, 2013",Ballwin
Bob Onder,,Republican,"(1962-01-06)January 6, 1962(age 63)",Missouri SenateMissouri House,"Washington University in St. Louis(BS,MD)Saint Louis University(JD)","January 3, 2025",Lake St. Louis
Mark Alford,,Republican,"(1963-10-04)October 4, 1963(age 61)",Journalist,University of Texas at Austin(BA),"January 3, 2023",Lake Winnebago
Emanuel Cleaver,,Democratic,"(1944-10-26)October 26, 1944(age 80)",Mayor ofKansas CityPastorRadio show host,Prairie View A&M University(BS)Saint Paul School of Theology(MDiv),"January 3, 2005",Kansas City
Sam Graves,,Republican,"(1963-11-07)November 7, 1963(age 61)",Missouri SenateMissouri House of Representatives,University of Missouri(BS),"January 3, 2001",Tarkio
Eric Burlison,,Republican,"(1976-10-02)October 2, 1976(age 48)",Missouri SenateMissouri House of Representatives,"Missouri State University(BA,MBA)","January 3, 2023",Ozark
Jason Smith,,Republican,"(1980-06-16)June 16, 1980(age 45)",Missouri House of Representatives,University of Missouri(BS)Oklahoma City University(JD),"June 4, 2013(special)",Salem
Ryan Zinke,,Republican,"(1961-11-01)November 1, 1961(age 63)",United States Secretary of the InteriorU.S. HouseMontana SenateU.S. Navy,University of Oregon(BS)National University(MBA)University of San Diego(MS),"January 3, 2023",Whitefish
Troy Downing,,Republican,"(1967-03-04)March 4, 1967(age 58)",Montana State Auditor,New York University,"January 3, 2025",Helena
Mike Flood,,Republican,"(1975-02-23)February 23, 1975(age 50)",Speaker of theNebraska Legislature,University of Notre Dame(BA)University of Nebraska–Lincoln(JD),"July 12, 2022(special)",Norfolk[33]
Don Bacon,,Republican,"(1963-08-16)August 16, 1963(age 62)",U.S. Air Force,Northern Illinois University(BA)University of Phoenix(MBA)National Defense University(MA),"January 3, 2017",Papillion
Adrian Smith,,Republican,"(1970-12-19)December 19, 1970(age 54)",Nebraska LegislatureGeringCity Council,Liberty UniversityUniversity of Nebraska–Lincoln(BA),"January 3, 2007",Gering
Dina Titus,,Democratic,"(1950-05-23)May 23, 1950(age 75)",U.S. HouseNevada Senate,College of William & Mary(BA)University of Georgia(MA)Florida State University(PhD),"January 3, 2013",Las Vegas
Mark Amodei,,Republican,"(1958-06-12)June 12, 1958(age 67)",Nevada SenateChair of theNevada Republican PartyNevada Assembly,"University of Nevada, Reno(BA)University of the Pacific(JD)","September 13, 2011(special)",Carson City
Susie Lee,,Democratic,"(1966-11-07)November 7, 1966(age 58)",Education advocate,"Carnegie Mellon University(BA,MS)","January 3, 2019",Las Vegas
Steven Horsford,,Democratic,"(1973-04-29)April 29, 1973(age 52)",U.S. HouseNevada Senate,"University of Nevada, Reno(BA)","January 3, 2019",Las Vegas
Chris Pappas,,Democratic,"(1980-06-04)June 4, 1980(age 45)",New Hampshire Executive CouncilTreasurer ofHillsborough CountyNew Hampshire House of Representatives,Harvard University(BA),"January 3, 2019",Manchester
Maggie Goodlander,,Democratic,"(1986-11-04)November 4, 1986(age 38)",U.S. Deputy Assistant Attorney Generalfor theAntitrust DivisionU.S. Navy,"Yale University(BA,JD)","January 3, 2025",Nashua
Donald Norcross,,Democratic,"(1958-12-13)December 13, 1958(age 66)",New Jersey SenateNew Jersey General Assembly,Camden County CollegeRutgers University-Camden,"November 12, 2014(special)",Camden
Jeff Van Drew,,Republican,"(1953-02-23)February 23, 1953(age 72)",New Jersey SenateNew Jersey General AssemblyCape May CountyBoard of Chosen Freeholders,Rutgers University–New Brunswick(BS)Fairleigh Dickinson University(DMD),"January 3, 2019",Dennis Township
Herb Conaway,,Democratic,"(1963-01-30)January 30, 1963(age 62)",New Jersey General AssemblyU.S. Air Force,Princeton University(BA)Thomas Jefferson University(MD)Rutgers University–Newark(JD),"January 3, 2025",Delran
Chris Smith,,Republican,"(1953-03-04)March 4, 1953(age 72)",Retail executive,The College of New Jersey(BS),"January 3, 1981",Manchester Township
Josh Gottheimer,,Democratic,"(1975-03-08)March 8, 1975(age 50)",AttorneyPolitical aide,"University of Pennsylvania(BA)Pembroke College, OxfordHarvard University(JD)","January 3, 2017",Wyckoff
Frank Pallone,,Democratic,"(1951-10-30)October 30, 1951(age 73)",New Jersey SenateLong BranchCity Council,Middlebury College(BA)Tufts University(MA)Rutgers University–Camden(JD),"November 8, 1988(special)",Long Branch[34]
Thomas Kean Jr.,,Republican,"(1968-09-05)September 5, 1968(age 56)",Minority Leader of theNew Jersey SenateNew Jersey General AssemblyU.S. Environmental Protection Agencyspecial assistantCongressional aide,Dartmouth College(BA)Tufts University(MA),"January 3, 2023",Westfield
Rob Menendez,,Democratic,"(1985-07-12)July 12, 1985(age 40)",Commissioner of thePort Authority of New York and New Jersey,University of North Carolina at Chapel Hill(BA)Rutgers University–Newark(JD),"January 3, 2023",Jersey City
Nellie Pou,,Democratic,"(1956-05-20)May 20, 1956(age 69)",New Jersey SenateNew Jersey General Assembly,Kean CollegeRutgers UniversityUniversity of Virginia(BA),"January 3, 2025",North Haledon
LaMonica McIver,,Democratic,"(1986-06-20)June 20, 1986(age 39)",President of theNewark Municipal Council,Bloomfield College(BA)Seton Hall University(MA)Kean University(EdD),"September 23, 2024(special)",Newark
Mikie Sherrill,,Democratic,"(1972-01-19)January 19, 1972(age 53)",Assistant United States Attorney for the District of New JerseyU.S. Navy,United States Naval Academy(BS)London School of Economics(MSc)Georgetown University(JD),"January 3, 2019",Montclair
Bonnie Watson Coleman,,Democratic,"(1945-02-06)February 6, 1945(age 80)",New Jersey General Assembly,Rutgers University-CamdenThomas Edison State University(BA),"January 3, 2015",Ewing Township
Melanie Stansbury,,Democratic,"(1979-01-31)January 31, 1979(age 46)",New Mexico House of Representatives,Saint Mary's College of California(BA)Cornell University(MS),"June 14, 2021(special)",Albuquerque
Gabe Vasquez,,Democratic,"(1984-08-03)August 3, 1984(age 41)",Las CrucesCity Council,New Mexico State University(BA),"January 3, 2023",Las Cruces
Teresa Leger Fernandez,,Democratic,"(1959-07-01)July 1, 1959(age 66)",Attorney,Yale University(BA)Stanford University(JD),"January 3, 2021",Santa Fe
Nick LaLota,,Republican,"(1978-06-23)June 23, 1978(age 47)",Suffolk CountyBoard of ElectionsChief of Staff to the Suffolk County Presiding OfficerAmityvilleBoard of TrusteesNew York SenatestafferU.S. HousestafferU.S. Navy,"United States Naval Academy(BS)Hofstra University(JD,MBA)","January 3, 2023",Amityville
Andrew Garbarino,,Republican,"(1984-09-27)September 27, 1984(age 40)",New York State Assembly,George Washington University(BA)Hofstra University(JD),"January 3, 2021",Bayport
Tom Suozzi,,Democratic,"(1962-08-31)August 31, 1962(age 62)",U.S. HouseNassau County ExecutiveMayor ofGlen Cove,Boston College(BA)Fordham University(JD),"February 28, 2024(special)",Glen Cove
Laura Gillen,,Democratic,"(1969-07-10)July 10, 1969(age 56)",HempsteadTown Supervisor,Georgetown University(BA)New York University(JD),"January 3, 2025",Rockville Centre
Gregory Meeks,,Democratic,"(1953-09-25)September 25, 1953(age 71)",New York State Assembly,Adelphi University(BA)Howard University(JD),"February 5, 1998(special)",Queens[35]
Grace Meng,,Democratic,"(1975-10-01)October 1, 1975(age 49)",New York State Assembly,University of Michigan(BA)Yeshiva University(JD),"January 3, 2013",Queens
Nydia Velázquez,,Democratic,"(1953-03-28)March 28, 1953(age 72)","Director, Dept. of Puerto Rican Community Affairs","University of Puerto Rico, Río Piedras(BA)New York University(MA)","January 3, 1993",Brooklyn
Hakeem Jeffries,,Democratic,"(1970-08-04)August 4, 1970(age 55)",New York State Assembly,Binghamton University(BA)Georgetown University(MPP)New York University(JD),"January 3, 2013",Brooklyn
Yvette Clarke,,Democratic,"(1964-11-21)November 21, 1964(age 60)",New York City Council,Oberlin CollegeMedgar Evers College,"January 3, 2007",Brooklyn
Dan Goldman,,Democratic,"(1976-02-26)February 26, 1976(age 49)",Senior Adviser and Director of Investigations for theHouse Permanent Select Intelligence CommitteeAssistantU.S. AttorneyJudicial Clerk for theU.S. Court of Appeals for the Second CircuitJudicial Clerk for theU.S. District Court of the Northern District of California,Yale University(BA)Stanford University(JD),"January 3, 2023",New York
Nicole Malliotakis,,Republican,"(1980-11-11)November 11, 1980(age 44)",New York State Assembly,Seton Hall University(BA)Wagner College(MBA),"January 3, 2021",Staten Island
Jerry Nadler,,Democratic,"(1947-06-13)June 13, 1947(age 78)",New York State Assembly,Columbia University(BA)Fordham University(JD),"November 3, 1992(special)",New York
Adriano Espaillat,,Democratic,"(1954-09-27)September 27, 1954(age 70)",New York State SenateNew York State Assembly,"Queens College, City University of New York(BA)","January 3, 2017",New York
Alexandria Ocasio-Cortez,,Democratic,"(1989-10-13)October 13, 1989(age 35)",BartenderActivist,Boston University(BA),"January 3, 2019",Queens[36]
Ritchie Torres,,Democratic,"(1988-03-12)March 12, 1988(age 37)",New York City Council,New York University,"January 3, 2021",The Bronx
George Latimer,,Democratic,"(1953-11-22)November 22, 1953(age 71)",Westchester County ExecutiveNew York SenateNew York State AssemblyWestchester County Board of Legislators,Fordham University(BA)New York University(MPA),"January 3, 2025",Rye
Mike Lawler,,Republican,"(1986-09-09)September 9, 1986(age 38)",New York State Assembly,Manhattan College(BS),"January 3, 2023",Pearl River
Pat Ryan,,Democratic,"(1982-03-28)March 28, 1982(age 43)",Ulster CountyExecutive,United States Military Academy(BS)Georgetown University(MA),"September 13, 2022(special)",Gardiner
Josh Riley,,Democratic,"(1981-01-21)January 21, 1981(age 44)",AttorneyU.S. SenatestafferLaw clerkPolicy analystU.S. Housestaffer,College of William & Mary(BS)Harvard University(JD),"January 3, 2025",Ithaca
Paul Tonko,,Democratic,"(1949-06-18)June 18, 1949(age 76)",New York State Assembly,Clarkson University(BS),"January 3, 2009",Amsterdam
Elise Stefanik,,Republican,"(1984-07-02)July 2, 1984(age 41)",Civil servantPolitical activist,Harvard University(BA),"January 3, 2015",Schuylerville
John Mannion,,Democratic,"(1968-07-08)July 8, 1968(age 57)",New York Senate,State University of New York at Binghamton(BS)State University of New York at Oswego(MS),"January 3, 2025",Geddes
Nick Langworthy,,Republican,"(1981-02-27)February 27, 1981(age 44)",Chair of theNew York Republican State CommitteeChair of theErie CountyRepublican Committee,Niagara University(BA),"January 3, 2023",Pendleton
Claudia Tenney,,Republican,"(1961-02-04)February 4, 1961(age 64)",U.S. HouseNew York State Assembly,Colgate University(BA)University of Cincinnati(JD),"January 3, 2021",Canandaigua
Joseph Morelle,,Democratic,"(1957-04-29)April 29, 1957(age 68)",New York State Assembly,State University of New York at Geneseo(BA),"November 13, 2018(special)",Irondequoit
Tim Kennedy,,Democratic,"(1976-10-20)October 20, 1976(age 48)",New York State SenateErie CountyLegislature,"D'Youville University(BA,MS)","May 6, 2024(special)",Buffalo
Don Davis,,Democratic,"(1971-08-29)August 29, 1971(age 53)",North Carolina SenateMayor ofSnow HillU.S. Air Force,"United States Air Force Academy(BS)Central Michigan University(MS)East Carolina University(MA,EdD)","January 3, 2023",Snow Hill
Deborah Ross,,Democratic,"(1963-06-20)June 20, 1963(age 62)",North Carolina House of Representatives,Brown University(AB)University of North Carolina at Chapel Hill(JD),"January 3, 2021",Raleigh
Greg Murphy,,Republican,"(1963-03-05)March 5, 1963(age 62)",North Carolina House of Representatives,Davidson College(BA)University of North Carolina at Chapel Hill(MD),"September 17, 2019(special)",Greenville
Valerie Foushee,,Democratic,"(1956-05-07)May 7, 1956(age 69)",North Carolina SenateNorth Carolina House of RepresentativesOrange CountyBoard of Commissioners,University of North Carolina at Chapel Hill(BA),"January 3, 2023",Hillsborough
Virginia Foxx,,Republican,"(1943-06-29)June 29, 1943(age 82)",North Carolina Senate,"University of North Carolina at Chapel Hill(BA)University of North Carolina at Greensboro(MA,EdD)","January 3, 2005",Banner Elk
Addison McDowell,,Republican,"(1994-01-21)January 21, 1994(age 31)",LobbyistU.S. Housestaffer,University of North Carolina at Charlotte(BS),"January 3, 2025",Bermuda Run
David Rouzer,,Republican,"(1972-02-16)February 16, 1972(age 53)",North Carolina Senate,North Carolina State University(BS),"January 3, 2015",Wilmington[37]
Mark Harris,,Republican,"(1966-04-24)April 24, 1966(age 59)",Pastor,"Appalachian State University(BA)Southern Baptist Theological Seminary(MDiv,DMin)","January 3, 2025",Indian Trail
Richard Hudson,,Republican,"(1971-11-04)November 4, 1971(age 53)",Businessman,University of North Carolina at Charlotte(BA),"January 3, 2013",Southern Pines
Pat Harrigan,,Republican,"(1987-06-21)June 21, 1987(age 38)",BusinessmanU.S. Army,United States Military Academy(BS),"January 3, 2025",Hickory
Chuck Edwards,,Republican,"(1960-09-13)September 13, 1960(age 64)",North Carolina Senate,Blue Ridge Community College,"January 3, 2023",Flat Rock
Alma Adams,,Democratic,"(1946-05-27)May 27, 1946(age 79)",North Carolina House of Representatives,"North Carolina A&T State University(BS,MS)Ohio State University(PhD)","November 12, 2014(special)",Charlotte
Brad Knott,,Republican,"(1986-04-17)April 17, 1986(age 39)",AttorneyLaw clerk,Baylor University(BA)Wake Forest University(JD),"January 3, 2025",Raleigh
Tim Moore,,Republican,"(1970-10-02)October 2, 1970(age 54)",Speaker of theNorth Carolina House of RepresentativesUniversity of North Carolina Board of Governors,Campbell UniversityUniversity of North Carolina at Chapel Hill(BA)Wake Forest University(JD),"January 3, 2025",Kings Mountain
Julie Fedorchak,,Republican,"(1968-09-28)September 28, 1968(age 56)",North Dakota Public Service Commission,University of North Dakota(BA),"January 3, 2025",Mandan
Greg Landsman,,Democratic,"(1976-12-04)December 4, 1976(age 48)",Cincinnati City CouncilDirector of the Ohio Governor's Office of Faith-Based and Community Initiatives,Ohio University(BA)Harvard University(MA),"January 3, 2023",Cincinnati
David Taylor,,Republican,"(1969-11-16)November 16, 1969(age 55)",BusinessmanAttorney,Miami University(BA)University of Dayton(JD),"January 3, 2025",Amelia
Joyce Beatty,,Democratic,"(1950-03-12)March 12, 1950(age 75)",Ohio House of Representatives,Central State University(BA)Wright State University(MS)University of Cincinnati,"January 3, 2013",Columbus
Jim Jordan,,Republican,"(1964-02-17)February 17, 1964(age 61)",Ohio SenateOhio House of Representatives,University of Wisconsin–Madison(BS)Ohio State University(MA)Capital University(JD),"January 3, 2007",Urbana[38]
Bob Latta,,Republican,"(1956-04-18)April 18, 1956(age 69)",Wood CountyCommissionerOhio House of RepresentativesOhio Senate,Bowling Green State University(BA)University of Toledo(JD),"December 13, 2007(special)",Bowling Green
Michael Rulli,,Republican,"(1969-03-11)March 11, 1969(age 56)",Ohio SenateBusinessman,Emerson College(BA),"June 25, 2024(special)",Salem
Max Miller,,Republican,"(1988-11-13)November 13, 1988(age 36)",Special assistant to the PresidentAssociate Director of thePresidential Personnel OfficeWhite House Officelead advance representativeU.S. Department of the Treasuryconfidential assistant,Cleveland State University(BA),"January 3, 2023",Rocky River
Warren Davidson,,Republican,"(1970-03-01)March 1, 1970(age 55)",BusinessmanU.S. Army,United States Military Academy(BS)University of Notre Dame(MBA),"June 9, 2016(special)",Troy
Marcy Kaptur,,Democratic,"(1946-06-17)June 17, 1946(age 79)","Domestic Policy Advisor, Carter Adm.",University of Wisconsin–Madison(BA)University of Michigan(MUP)Massachusetts Institute of Technology,"January 3, 1983",Toledo
Mike Turner,,Republican,"(1960-01-11)January 11, 1960(age 65)",Mayor ofDayton,Ohio Northern University(BA)Case Western Reserve University(JD)University of Dayton(MBA),"January 3, 2003",Dayton
Shontel Brown,,Democratic,"(1975-06-24)June 24, 1975(age 50)",Cuyahoga County Council,Cuyahoga Community College(AS)Wilberforce University(BS),"November 4, 2021(special)",Warrensville Heights
Troy Balderson,,Republican,"(1962-01-16)January 16, 1962(age 63)",Ohio SenateOhio House of Representatives,Muskingum UniversityOhio State University,"September 5, 2018(special)",Zanesville
Emilia Sykes,,Democratic,"(1986-01-04)January 4, 1986(age 39)",Minority Leader of theOhio House of Representatives,"Kent State University(BA)University of Florida(JD,MPH)","January 3, 2023",Akron
David Joyce,,Republican,"(1957-03-17)March 17, 1957(age 68)",Geauga CountyProsecutor,"University of Dayton(BS,JD)","January 3, 2013",South Russell
Mike Carey,,Republican,"(1971-03-13)March 13, 1971(age 54)",Lobbyist,Marion Military Institute(AA)Ohio State University(BA),"November 4, 2021(special)",Columbus
Kevin Hern,,Republican,"(1961-12-04)December 4, 1961(age 63)",Businessman,"Arkansas Tech University(BS)Georgia Institute of TechnologyUniversity of Arkansas, Little Rock(MBA)","November 13, 2018(appointed)[a]",Tulsa
Josh Brecheen,,Republican,"(1979-06-19)June 19, 1979(age 46)",Oklahoma SenateU.S. Senatestaffer,"Oklahoma State University, StillwaterSoutheastern Oklahoma State University(BS)","January 3, 2023",Coalgate
Frank Lucas,,Republican,"(1960-01-06)January 6, 1960(age 65)",Oklahoma House of Representatives,Oklahoma State University–Stillwater(BS),"May 10, 1994(special)",Cheyenne[39]
Tom Cole,,Republican,"(1949-04-28)April 28, 1949(age 76)",Oklahoma SenateOklahoma Secretary of StateCollege professor,Grinnell College(BA)Yale University(MA)University of Oklahoma(PhD),"January 3, 2003",Moore
Stephanie Bice,,Republican,"(1973-11-11)November 11, 1973(age 51)",Oklahoma Senate,"Oklahoma State University, Stillwater(BS)","January 3, 2021",Oklahoma City[40]
Suzanne Bonamici,,Democratic,"(1954-10-14)October 14, 1954(age 70)",Oregon House of RepresentativesOregon State Senate,"Lane Community CollegeUniversity of Oregon(BA,JD)","January 31, 2012(special)",Beaverton
Cliff Bentz,,Republican,"(1952-01-12)January 12, 1952(age 73)",Oregon State SenateOregon House of Representatives,Eastern Oregon University(BA)Lewis and Clark College(JD),"January 3, 2021",Ontario
Maxine Dexter,,Democratic,"(1972-12-05)December 5, 1972(age 52)",Oregon House,"University of Washington(BA,MD)","January 3, 2025",Portland
Val Hoyle,,Democratic,"(1964-02-14)February 14, 1964(age 61)",Oregon Commissioner of Labor and IndustriesMajority Leader of theOregon House of Representatives,Emmanuel College(BA),"January 3, 2023",Springfield
Janelle Bynum,,Democratic,"(1975-01-31)January 31, 1975(age 50)",Oregon House,Florida A&M University(BA)University of Michigan(MBA),"January 3, 2025",Happy Valley
Andrea Salinas,,Democratic,"(1969-12-06)December 6, 1969(age 55)",Oregon House of RepresentativesU.S. Houselegislative aideU.S. Senatelegislative aide,"University of California, Berkeley(BA)","January 3, 2023",Tigard
Brian Fitzpatrick,,Republican,"(1973-12-17)December 17, 1973(age 51)",FBI agentSpecialAssistant U.S. Attorney,"La Salle University(BS)Pennsylvania State University(MBA)Pennsylvania State University, Carlisle(JD)","January 3, 2017",Levittown
Brendan Boyle,,Democratic,"(1977-02-06)February 6, 1977(age 48)",Pennsylvania House of Representatives,University of Notre Dame(BA)Harvard University(MPP),"January 3, 2015",Philadelphia
Dwight Evans,,Democratic,"(1954-05-16)May 16, 1954(age 71)",Pennsylvania House of Representatives,Community College of Philadelphia(AA)La Salle University(BA),"November 14, 2016(special)",Philadelphia
Madeleine Dean,,Democratic,"(1959-06-06)June 6, 1959(age 66)",Pennsylvania House of Representatives,La Salle University(BA)Widener University(JD),"January 3, 2019",Bala Cynwyd
Mary Gay Scanlon,,Democratic,"(1959-08-30)August 30, 1959(age 65)",Attorney,Colgate University(BA)University of Pennsylvania(JD),"November 13, 2018(special)",Swarthmore
Chrissy Houlahan,,Democratic,"(1967-06-05)June 5, 1967(age 58)",EntrepreneurU.S. Air Force,Stanford University(BS)Massachusetts Institute of Technology(MS),"January 3, 2019",Devon
Ryan Mackenzie,,Republican,"(1982-08-03)August 3, 1982(age 43)",Pennsylvania House,New York University(BS)Harvard University(MBA),"January 3, 2025",Lower Macungie Township
Rob Bresnahan,,Republican,"(1990-04-22)April 22, 1990(age 35)",Businessman,University of Scranton(BS),"January 3, 2025",Dallas Township[41]
Dan Meuser,,Republican,"(1964-02-10)February 10, 1964(age 61)",Secretary of Revenue of Pennsylvania,State University of New York Maritime CollegeCornell University(BA),"January 3, 2019",Dallas
Scott Perry,,Republican,"(1962-05-27)May 27, 1962(age 63)",Pennsylvania House of RepresentativesBusinessmanU.S. Army,Pennsylvania State University(BS)United States Army War College(MS),"January 3, 2013",Dillsburg[42]
Lloyd Smucker,,Republican,"(1964-01-23)January 23, 1964(age 61)",Pennsylvania Senate,Lebanon Valley CollegeFranklin and Marshall College,"January 3, 2017",West Lampeter Township
Summer Lee,,Democratic,"(1987-11-26)November 26, 1987(age 37)",Pennsylvania House of Representatives,Pennsylvania State University(BA)Howard University(JD),"January 3, 2023",Swissvale
John Joyce,,Republican,"(1957-02-08)February 8, 1957(age 68)",Dermatologist,"Pennsylvania State University, AltoonaPennsylvania State University, University Park(BS)Temple University(MD)","January 3, 2019",Hollidaysburg[43]
Guy Reschenthaler,,Republican,"(1983-04-17)April 17, 1983(age 42)",Pennsylvania SenateJudgeU.S. Navy,"Pennsylvania State University, Behrend(BA)Duquesne University(JD)","January 3, 2019",Peters Township[44]
Glenn Thompson,,Republican,"(1959-07-27)July 27, 1959(age 66)",Chair of theCentre CountyRepublican Committee,Pennsylvania State University(BS)Temple University(MEd),"January 3, 2009",Howard[45]
Mike Kelly,,Republican,"(1948-05-10)May 10, 1948(age 77)",ButlerCity Council,University of Notre Dame(BA),"January 3, 2011",Butler
Chris Deluzio,,Democratic,"(1984-07-13)July 13, 1984(age 41)",University policy directorLawyerU.S. Navyofficer,United States Naval Academy(BS)Georgetown University(JD),"January 3, 2023",Aspinwall
Gabe Amo,,Democratic,"(1987-12-11)December 11, 1987(age 37)",Special Assistant and Deputy Director of theWhite House Office of Intergovernmental AffairsDirector of Public Engagement and Community Affairs for the Office of theGovernor of Rhode Island,"Wheaton College(BA)Merton College, Oxford(MSc)","November 13, 2023(special)",Providence
Seth Magaziner,,Democratic,"(1983-07-22)July 22, 1983(age 42)",General Treasurer of Rhode Island,Brown University(BA)Yale University(MBA),"January 3, 2023",Cranston
Nancy Mace,,Republican,"(1977-12-04)December 4, 1977(age 47)",South Carolina House of Representatives,The Citadel(BS)University of Georgia(MS),"January 3, 2021",Charleston
Joe Wilson,,Republican,"(1947-07-31)July 31, 1947(age 78)",South Carolina SenateU.S. Army,Washington and Lee University(BA)University of South Carolina(JD),"December 18, 2001(special)",Springdale[46]
Sheri Biggs,,Republican,"(1970-03-28)March 28, 1970(age 55)",Air National Guard,Carolina Bible College(BA)Samford University(DNP)Air War College,"January 3, 2025",Salem
William Timmons,,Republican,"(1984-04-30)April 30, 1984(age 41)",South Carolina SenateAttorneyEntrepreneur,"George Washington University(BA)University of South Carolina(MA,JD)","January 3, 2019",Greenville
Ralph Norman,,Republican,"(1953-06-20)June 20, 1953(age 72)",South Carolina House of Representatives,Presbyterian College(BS),"June 20, 2017(special)",Rock Hill
Jim Clyburn,,Democratic,"(1940-07-21)July 21, 1940(age 85)",Political aideTeacher,South Carolina State University(BA),"January 3, 1993",Columbia
Russell Fry,,Republican,"(1985-01-31)January 31, 1985(age 40)",South Carolina House of Representatives,University of South Carolina(BA)Charleston School of Law(JD),"January 3, 2023",Murrells Inlet
Dusty Johnson,,Republican,"(1976-09-30)September 30, 1976(age 48)",Chief of Staff to theGovernor of South DakotaSouth Dakota Public Utilities Commission,University of South Dakota(BA)University of Kansas(MPA),"January 3, 2019",Mitchell
Diana Harshbarger,,Republican,"(1960-01-01)January 1, 1960(age 65)",Pharmacist,East Tennessee State University(BS)Mercer University(PharmD),"January 3, 2021",Kingsport
Tim Burchett,,Republican,"(1964-08-25)August 25, 1964(age 61)",Mayor ofKnox CountyTennessee SenateTennessee House of Representatives,"University of Tennessee,Knoxville(BS)","January 3, 2019",Knoxville
Chuck Fleischmann,,Republican,"(1962-10-11)October 11, 1962(age 62)",Attorney,University of Illinois Urbana-Champaign(BA)University of Tennessee(JD),"January 3, 2011",Ooltewah[47]
Scott DesJarlais,,Republican,"(1964-02-21)February 21, 1964(age 61)",Physician,"University of South Dakota(BS,MD)","January 3, 2011",Sherwood[48]
Andy Ogles,,Republican,"(1971-06-18)June 18, 1971(age 54)",MayorofMaury County,Middle Tennessee State University(BS),"January 3, 2023",Columbia
John Rose,,Republican,"(1965-02-23)February 23, 1965(age 60)",Commissioner of Agriculture of Tennessee,"Tennessee Technological University(BS)Purdue University, West Lafayette(MS)Vanderbilt University(JD)","January 3, 2019",Cookeville
Vacant,,,,,,,
David Kustoff,,Republican,"(1966-10-08)October 8, 1966(age 58)",U.S. Attorney for theUnited States District Court for the Western District of Tennessee,"University of Memphis(BA,JD)","January 3, 2017",Germantown[49]
Steve Cohen,,Democratic,"(1949-05-24)May 24, 1949(age 76)",Tennessee SenateAttorney,Vanderbilt University(BA)University of Memphis(JD),"January 3, 2007",Memphis
Nathaniel Moran,,Republican,"(1974-09-23)September 23, 1974(age 50)",Smith CountyJudgeTylerCity Council,"Texas Tech University(BA,MBA,JD)","January 3, 2023",Whitehouse
Dan Crenshaw,,Republican,"(1984-03-14)March 14, 1984(age 41)",U.S. Navy,Tufts University(BA)Harvard University(MPA),"January 3, 2019",Atascocita
Keith Self,,Republican,"(1953-03-20)March 20, 1953(age 72)",Collin CountyJudgeU.S. Army,United States Military Academy(BS)University of Southern California(MA),"January 3, 2023",McKinney
Pat Fallon,,Republican,"(1967-12-19)December 19, 1967(age 57)",Texas SenateTexas House of RepresentativesUnited States Air Forcesecond lieutenant,University of Notre Dame(BA),"January 3, 2021",Frisco
Lance Gooden,,Republican,"(1982-12-01)December 1, 1982(age 42)",Texas House of Representatives,"University of Texas, Austin(BA,BBA)","January 3, 2019",Terrell[50]
Jake Ellzey,,Republican,"(1970-01-24)January 24, 1970(age 55)",Texas House of RepresentativesUnited States Navycommander,United States Naval Academy(BS),"July 30, 2021(special)",Midlothian
Lizzie Fletcher,,Democratic,"(1975-02-13)February 13, 1975(age 50)",Attorney,Kenyon College(BA)College of William and Mary(JD),"January 3, 2019",Houston
Morgan Luttrell,,Republican,"(1975-11-07)November 7, 1975(age 49)",Special advisor to theU.S. Secretary of EnergyU.S. Navy,Sam Houston State University(BS)University of Texas at Dallas(MA),"January 3, 2023",Magnolia
Al Green,,Democratic,"(1947-09-01)September 1, 1947(age 77)",Harris CountyJustice of the PeaceHouston NAACP president,Florida A&M UniversityTuskegee University(BA)Texas Southern University(JD),"January 3, 2005",Houston
Michael McCaul,,Republican,"(1962-01-14)January 14, 1962(age 63)",AttorneyFederal prosecutor,"Trinity University(BA)St. Mary's University, Texas(JD)","January 3, 2005",Austin[51]
August Pfluger,,Republican,"(1978-12-28)December 28, 1978(age 46)",U.S. National Security CouncilUnited States Air Force,United States Air Force Academy(BS)Embry–Riddle Aeronautical University(MS)Air University(MS)Georgetown University(MS),"January 3, 2021",San Angelo
Craig Goldman,,Republican,"(1968-10-03)October 3, 1968(age 56)",Majority Leader of theTexas House of Representatives,University of Texas at Austin(BA),"January 3, 2025",Fort Worth
Ronny Jackson,,Republican,"(1967-05-04)May 4, 1967(age 58)",Chief Medical Advisor to the PresidentPhysician to the PresidentUnited States Navy,Texas A&M University(BS)University of Texas Medical Branch(MD),"January 3, 2021",Amarillo
Randy Weber,,Republican,"(1953-07-02)July 2, 1953(age 72)",Texas House of RepresentativesPearlandCity Council,Alvin Community CollegeUniversity of Houston–Clear Lake(BS),"January 3, 2013",Friendswood[52]
Monica De La Cruz,,Republican,"(1974-11-11)November 11, 1974(age 50)",Insurance agentBusinesswoman,University of Texas at San Antonio(BBS)National Autonomous University of Mexico,"January 3, 2023",Edinburg[53]
Veronica Escobar,,Democratic,"(1969-09-15)September 15, 1969(age 55)",El Paso CountyCommissionEl Paso County Judge,"University of Texas, El Paso(BA)New York University(MA)","January 3, 2019",El Paso
Pete Sessions,,Republican,"(1955-03-22)March 22, 1955(age 70)",U.S. House,Southwestern University(BS),"January 3, 2021",Waco
Vacant,,,,,,,
Jodey Arrington,,Republican,"(1972-03-09)March 9, 1972(age 53)",EducatorPublic administratorWhite House aide,"Texas Tech University(BA,MPA)","January 3, 2017",Lubbock
Joaquin Castro,,Democratic,"(1974-09-16)September 16, 1974(age 50)",Texas House of Representatives,Stanford University(BA)Harvard University(JD),"January 3, 2013",San Antonio
Chip Roy,,Republican,"(1972-08-07)August 7, 1972(age 53)",First AssistantAttorney General of Texas,"University of Virginia(BS,MS)University of Texas, Austin(JD)","January 3, 2019",Austin
Troy Nehls,,Republican,"(1968-04-07)April 7, 1968(age 57)",Sheriff ofFort Bend County,Liberty University(BA)University of Houston–Downtown(MA),"January 3, 2021",Richmond
Tony Gonzales,,Republican,"(1980-10-10)October 10, 1980(age 44)",United States Navy,Chaminade University(AA)Excelsior College(BS)American Public University(MA),"January 3, 2021",San Antonio
Beth Van Duyne,,Republican,"(1970-11-16)November 16, 1970(age 54)",Mayor ofIrving,Cornell University(BA),"January 3, 2021",Irving
Roger Williams,,Republican,"(1949-09-13)September 13, 1949(age 75)",Secretary of State of Texas,Texas Christian University(BA),"January 3, 2013",Weatherford
Brandon Gill,,Republican,"(1994-02-26)February 26, 1994(age 31)",Businessman,Dartmouth College(BS),"January 3, 2025",Flower Mound
Michael Cloud,,Republican,"(1975-05-13)May 13, 1975(age 50)",Chair of the Victoria County Republican Party,Oral Roberts University(BS),"July 10, 2018(special)",Victoria
Henry Cuellar,,Democratic,"(1955-09-19)September 19, 1955(age 69)",Texas House of RepresentativesTexas Secretary of State,"Laredo Community CollegeGeorgetown University(BA)University of Texas at Austin(JD,PhD)Texas A&M International University(MA)Naval War College","January 3, 2005",Laredo
Sylvia Garcia,,Democratic,"(1950-09-06)September 6, 1950(age 74)",Texas Senate,Texas Woman's University(BA)Texas Southern University(JD),"January 3, 2019",Houston
Jasmine Crockett,,Democratic,"(1981-03-29)March 29, 1981(age 44)",Texas House of Representatives,Rhodes College(BA)University of Houston(JD),"January 3, 2023",Dallas
John Carter,,Republican,"(1941-11-06)November 6, 1941(age 83)",Texas state district judge,Texas Tech University(BA)University of Texas at Austin(JD),"January 3, 2003",Round Rock
Julie Johnson,,Democratic,"(1966-05-02)May 2, 1966(age 59)",Texas House,University of Texas at Austin(BA)University of Houston(JD),"January 3, 2025",Farmers Branch
Marc Veasey,,Democratic,"(1971-01-03)January 3, 1971(age 54)",Texas House of Representatives,Texas Wesleyan University(BA),"January 3, 2013",Fort Worth
Vicente Gonzalez,,Democratic,"(1967-09-04)September 4, 1967(age 57)",Food processing executiveTexas State Board of Education,Embry–Riddle Aeronautical University(BA)Texas Wesleyan University(JD),"January 3, 2017",McAllen
Greg Casar,,Democratic,"(1989-05-04)May 4, 1989(age 36)",Austin City Council,University of Virginia(BA),"January 3, 2023",Austin
Brian Babin,,Republican,"(1948-03-23)March 23, 1948(age 77)",Lower Neches Valley AuthorityTexas Historical CommissionMayor ofWoodville,"Lamar University(BS)University of Texas, Houston(DDS)","January 3, 2015",Woodville
Lloyd Doggett,,Democratic,"(1946-10-06)October 6, 1946(age 78)",Texas SenateTexas Supreme CourtjusticeCollege professor,"University of Texas at Austin(BA,JD)","January 3, 1995",Austin
Wesley Hunt,,Republican,"(1981-11-13)November 13, 1981(age 43)",U.S. Army,"United States Military Academy(BS)Cornell University(MBA,MPA,MA)","January 3, 2023",Houston
Blake Moore,,Republican,"(1980-06-22)June 22, 1980(age 45)",United States Foreign Serviceofficer,University of Utah(BA)Northwestern University(MS),"January 3, 2021",Salt Lake City[54]
Celeste Maloy,,Republican,"(1981-05-22)May 22, 1981(age 44)",Congressional counselWashington County Water Conservancy DistrictStaff AttorneyUtah Association of Counties Public Lands AttorneyDeputyWashington CountyAttorneySoil conservationist,Southern Utah University(BS)Brigham Young University(JD),"November 28, 2023(special)",Cedar City
Mike Kennedy,,Republican,"(1969-02-02)February 2, 1969(age 56)",Utah SenateUtah House,"Brigham Young University(BS,JD)Michigan State University(MD)","January 3, 2025",Alpine
Burgess Owens,,Republican,"(1951-08-02)August 2, 1951(age 74)",BusinessmanNational Football Leagueplayer,University of Miami(BS),"January 3, 2021",Salt Lake City[55]
Becca Balint,,Democratic,"(1968-05-04)May 4, 1968(age 57)",President pro tempore of the Vermont SenateMajority leader of theVermont Senate,Smith College(BA)Harvard University(MEd)University of Massachusetts Amherst(MA),"January 3, 2023",Brattleboro
Rob Wittman,,Republican,"(1959-02-03)February 3, 1959(age 66)",Mayor ofMontrossWestmoreland CountyBoard of SupervisorsVirginia House of Delegates,Virginia Tech(BS)University of North Carolina at Chapel Hill(MPH)Virginia Commonwealth University(PhD),"December 11, 2007(special)",Montross
Jen Kiggans,,Republican,"(1971-06-18)June 18, 1971(age 54)",Virginia SenateU.S. Navy,Old Dominion University(BSN)Vanderbilt University(MSN),"January 3, 2023",Virginia Beach
Bobby Scott,,Democratic,"(1947-04-30)April 30, 1947(age 78)",Virginia SenateVirginia House of Delegates,Harvard University(BA)Boston College(JD),"January 3, 1993",Newport News
Jennifer McClellan,,Democratic,"(1972-12-28)December 28, 1972(age 52)",Virginia SenateVirginia House of Delegates,University of Richmond(BA)University of Virginia(JD),"March 7, 2023(special)",Richmond
John McGuire,,Republican,"(1968-08-24)August 24, 1968(age 57)",Virginia SenateVirginia House of DelegatesU.S. Navy,Okaloosa-Walton Community College,"January 3, 2025",Manakin Sabot
Ben Cline,,Republican,"(1972-02-29)February 29, 1972(age 53)",Virginia House of Delegates,Bates College(BA)University of Richmond(JD),"January 3, 2019",Fincastle
Eugene Vindman,,Democratic,"(1975-06-06)June 6, 1975(age 50)",U.S. ArmyWhite House deputy legal advisor,State University of New York at Binghamton(BA)Central Michigan University(MS)University of Georgia(JD)The Judge Advocate General's Legal Center and School(LLM),"January 3, 2025",Dale City[56]
Don Beyer,,Democratic,"(1950-06-20)June 20, 1950(age 75)",U.S. Ambassador to Switzerland and LiechtensteinLieutenant Governor of Virginia,Williams College(BA)George Mason University,"January 3, 2015",Alexandria
Morgan Griffith,,Republican,"(1958-03-15)March 15, 1958(age 67)",Majority Leader of theVirginia House of Delegates,Emory and Henry College(BA)Washington and Lee University(JD),"January 3, 2011",Salem
Suhas Subramanyam,,Democratic,"(1986-09-26)September 26, 1986(age 38)",Virginia SenateVirginia House of Delegates,Tulane University(BA)Northwestern University(JD),"January 3, 2025",Ashburn
Vacant,,,,,,,
Suzan DelBene,,Democratic,"(1962-02-17)February 17, 1962(age 63)",Washington Department of Revenue Director,Reed College(BS)University of Washington(MBA),"November 13, 2012(special)",Medina
Rick Larsen,,Democratic,"(1965-06-15)June 15, 1965(age 60)",Snohomish CountyCouncil,Pacific Lutheran University(BA)University of Minnesota(MPA),"January 3, 2001",Everett[57]
Marie Gluesenkamp Perez,,Democratic,"(1988-06-06)June 6, 1988(age 37)",Washington State Democratic Partyexecutive committeeUnderwood Soil and Water District Conservation Board of SupervisorsBusinesswoman,Reed College(BA),"January 3, 2023",Washougal[58]
Dan Newhouse,,Republican,"(1955-07-10)July 10, 1955(age 70)",Washington House of Representatives,Washington State University(BS),"January 3, 2015",Sunnyside
Michael Baumgartner,,Republican,"(1975-12-13)December 13, 1975(age 49)",Spokane CountyTreasurerWashington Senate,Washington State University(BA)Harvard University(MPA),"January 3, 2025",Spokane
Emily Randall,,Democratic,"(1985-10-03)October 3, 1985(age 39)",Washington Senate,Wellesley College(BA),"January 3, 2025",Bremerton
Pramila Jayapal,,Democratic,"(1965-09-21)September 21, 1965(age 59)",Washington State Senate,Georgetown University(BA)Northwestern University(MBA),"January 3, 2017",Seattle
Kim Schrier,,Democratic,"(1968-08-23)August 23, 1968(age 57)",Pediatrician,"University of California, Berkeley(BS)University of California, Davis(MD)","January 3, 2019",Sammamish
Adam Smith,,Democratic,"(1965-06-15)June 15, 1965(age 60)",Washington State Senate,Western Washington UniversityFordham University(BA)University of Washington(JD),"January 3, 1997",Bellevue
Marilyn Strickland,,Democratic,"(1962-09-25)September 25, 1962(age 62)",Mayor ofTacoma,University of Washington(BA)Clark Atlanta University(MBA),"January 3, 2021",Tacoma
Carol Miller,,Republican,"(1950-11-04)November 4, 1950(age 74)",West Virginia House of Delegates,"Columbia College, South Carolina(BA)","January 3, 2019",Huntington[59]
Riley Moore,,Republican,"(1980-07-01)July 1, 1980(age 45)",West Virginia State TreasurerWest Virginia House of Delegates,George Mason University(BA)National Defense University(MS),"January 3, 2025",Harpers Ferry
Bryan Steil,,Republican,"(1981-03-03)March 3, 1981(age 44)",Congressional aideAttorney,Georgetown University(BS)University of Wisconsin–Madison(JD),"January 3, 2019",Janesville
Mark Pocan,,Democratic,"(1964-08-14)August 14, 1964(age 61)",Wisconsin State Assembly,University of Wisconsin–Madison(BA),"January 3, 2013",Vermont[60]
Derrick Van Orden,,Republican,"(1969-09-15)September 15, 1969(age 55)",ActorAuthorRestaurateurU.S. Navy,Excelsior College(BS)Mitchell Hamline School of Law,"January 3, 2023",Prairie du Chien
Gwen Moore,,Democratic,"(1951-04-18)April 18, 1951(age 74)",Wisconsin State SenateWisconsin State Assembly,Marquette University(BA),"January 3, 2005",Milwaukee
Scott Fitzgerald,,Republican,"(1963-11-16)November 16, 1963(age 61)",Majority Leader of theWisconsin State Senate,University of Wisconsin–Oshkosh(BS),"January 3, 2021",Clyman[61]
Glenn Grothman,,Republican,"(1955-07-03)July 3, 1955(age 70)",Wisconsin SenateWisconsin State Assembly,"University of Wisconsin–Madison(BA,JD)","January 3, 2015",Glenbeulah[62]
Tom Tiffany,,Republican,"(1957-12-30)December 30, 1957(age 67)",Wisconsin SenateWisconsin State Assembly,University of Wisconsin–River Falls(BS),"May 19, 2020(special)",Minocqua
Tony Wied,,Republican,"(1976-05-03)May 3, 1976(age 49)",Businessman,St. Norbert College(BA),"November 12, 2024(special)",De Pere
Harriet Hageman,,Republican,"(1962-10-18)October 18, 1962(age 62)",LawyerLaw clerk for theU.S. Court of Appeals for the Tenth Circuit,"University of Wyoming(BS,JD)","January 3, 2023",Cheyenne
